degree,value
1,0.9999999999999999
2,0.9873417721518987
3,0.8860759493670886
4,0.670886075949367
5,0.5316455696202531
6,0.3544303797468354
7,0.3164556962025316
8,0.26582278481012656
9,0.22784810126582278
10,0.18987341772151897
12,0.16455696202531644
13,0.13924050632911392
15,0.08860759493670886
16,0.0759493670886076
18,0.06329113924050633
19,0.05063291139240506
20,0.0379746835443038
22,0.02531645569620253
23,0.012658227848101266
