degree,value
0,0.5123152709359606
1,0.6059113300492611
2,0.6995073891625616
3,0.7536945812807883
4,0.8226600985221676
5,0.9261083743842365
6,0.9458128078817735
7,0.9556650246305419
8,0.9655172413793104
9,0.9704433497536946
12,0.9753694581280788
13,0.9802955665024631
15,0.9852216748768473
31,0.9901477832512315
52,0.9950738916256158
71,1.0
