degree,value
1,0.012658227848101266
2,0.11392405063291139
3,0.3291139240506329
4,0.4683544303797468
5,0.6455696202531644
6,0.6835443037974682
7,0.7341772151898733
8,0.7721518987341771
9,0.8101265822784809
10,0.8354430379746834
12,0.860759493670886
13,0.9113924050632911
15,0.9240506329113923
16,0.9367088607594936
18,0.9493670886075948
19,0.962025316455696
20,0.9746835443037972
22,0.9873417721518984
23,0.9999999999999997
