degree,value
1,0.012658227848101266
2,0.10126582278481013
3,0.21518987341772153
4,0.13924050632911392
5,0.17721518987341772
6,0.0379746835443038
7,0.05063291139240506
8,0.0379746835443038
9,0.0379746835443038
10,0.02531645569620253
12,0.02531645569620253
13,0.05063291139240506
15,0.012658227848101266
16,0.012658227848101266
18,0.012658227848101266
19,0.012658227848101266
20,0.012658227848101266
22,0.012658227848101266
23,0.012658227848101266
