degree,value
0,1.0
1,0.4876847290640394
2,0.39408866995073893
3,0.30049261083743845
4,0.24630541871921183
5,0.17733990147783252
6,0.07389162561576355
7,0.054187192118226604
8,0.04433497536945813
9,0.034482758620689655
12,0.02955665024630542
13,0.024630541871921183
15,0.019704433497536946
31,0.014778325123152709
52,0.009852216748768473
71,0.0049261083743842365
