degree,value
0,0.5123152709359606
1,0.09359605911330049
2,0.09359605911330049
3,0.054187192118226604
4,0.06896551724137931
5,0.10344827586206896
6,0.019704433497536946
7,0.009852216748768473
8,0.009852216748768473
9,0.0049261083743842365
12,0.0049261083743842365
13,0.0049261083743842365
15,0.0049261083743842365
31,0.0049261083743842365
52,0.0049261083743842365
71,0.0049261083743842365
