degree,value
0,1.0
1,0.3333333333333333
2,0.28160919540229884
3,0.20689655172413793
4,0.1867816091954023
5,0.16091954022988506
6,0.1235632183908046
7,0.10344827586206896
8,0.09195402298850575
9,0.07471264367816091
10,0.05172413793103448
11,0.028735632183908046
12,0.02586206896551724
14,0.022988505747126436
16,0.017241379310344827
17,0.014367816091954023
39,0.008620689655172414
58,0.005747126436781609
82,0.0028735632183908046
