degree,value
1,1.0000000000000002
2,0.9361702127659576
3,0.8510638297872342
4,0.6808510638297873
5,0.5212765957446809
6,0.425531914893617
7,0.4148936170212766
8,0.3723404255319149
9,0.3191489361702127
10,0.2553191489361702
11,0.24468085106382978
12,0.2127659574468085
13,0.2021276595744681
19,0.11702127659574468
20,0.10638297872340426
23,0.09574468085106383
25,0.07446808510638298
26,0.06382978723404255
27,0.05319148936170213
28,0.0425531914893617
29,0.031914893617021274
30,0.02127659574468085
