degree,value
0,0.6666666666666666
1,0.7183908045977011
2,0.793103448275862
3,0.8132183908045976
4,0.8390804597701148
5,0.8764367816091952
6,0.8965517241379308
7,0.908045977011494
8,0.9252873563218389
9,0.9482758620689653
10,0.9712643678160917
11,0.9741379310344825
12,0.9770114942528734
14,0.982758620689655
16,0.9856321839080459
17,0.9913793103448275
39,0.9942528735632183
58,0.9971264367816092
82,1.0
