degree,value
0,0.6666666666666666
1,0.05172413793103448
2,0.07471264367816093
3,0.020114942528735632
4,0.02586206896551724
5,0.03735632183908046
6,0.020114942528735632
7,0.011494252873563218
8,0.017241379310344827
9,0.022988505747126436
10,0.022988505747126436
11,0.0028735632183908046
12,0.0028735632183908046
14,0.005747126436781609
16,0.0028735632183908046
17,0.005747126436781609
39,0.0028735632183908046
58,0.0028735632183908046
82,0.0028735632183908046
