degree,value
1,0.06382978723404255
2,0.14893617021276595
3,0.3191489361702128
4,0.4787234042553192
5,0.574468085106383
6,0.5851063829787234
7,0.6276595744680851
8,0.6808510638297872
9,0.7446808510638298
10,0.7553191489361701
11,0.7872340425531914
12,0.7978723404255318
13,0.8829787234042552
19,0.8936170212765956
20,0.904255319148936
23,0.9255319148936169
25,0.9361702127659572
26,0.9468085106382976
27,0.957446808510638
28,0.9680851063829784
29,0.9787234042553188
30,0.9999999999999997
