degree,value
0,1.0
1,0.31865284974093266
2,0.2590673575129534
3,0.19948186528497414
4,0.1813471502590674
5,0.1658031088082902
6,0.14766839378238344
7,0.13212435233160624
8,0.10880829015544043
9,0.09585492227979275
10,0.06735751295336788
11,0.03367875647668394
12,0.031088082901554404
13,0.02849740932642487
14,0.02590673575129534
15,0.02072538860103627
16,0.018134715025906738
21,0.015544041450777204
22,0.01295336787564767
39,0.007772020725388601
63,0.0051813471502590676
87,0.0025906735751295338
