degree,value
1,0.050505050505050504
2,0.13131313131313133
3,0.29292929292929293
4,0.4545454545454546
5,0.5454545454545455
6,0.5555555555555556
7,0.5858585858585859
8,0.6363636363636364
9,0.696969696969697
10,0.7070707070707071
11,0.7373737373737373
12,0.7474747474747474
13,0.8383838383838383
19,0.8484848484848484
20,0.8585858585858585
23,0.9292929292929292
25,0.9393939393939392
26,0.9494949494949493
27,0.9595959595959593
28,0.9696969696969694
29,0.9797979797979794
30,0.9999999999999997
