degree,value
0,0.6813471502590673
1,0.7409326424870466
2,0.8005181347150259
3,0.8186528497409326
4,0.8341968911917097
5,0.8523316062176164
6,0.8678756476683935
7,0.8911917098445593
8,0.904145077720207
9,0.9326424870466319
10,0.9663212435233158
11,0.9689119170984454
12,0.9715025906735749
13,0.9740932642487045
14,0.9792746113989635
15,0.9818652849740931
16,0.9844559585492226
21,0.9870466321243522
22,0.9922279792746113
39,0.9948186528497408
63,0.9974093264248703
87,0.9999999999999999
