degree,value
1,0.03773584905660377
2,0.18867924528301885
3,0.4528301886792453
4,0.6226415094339622
5,0.7169811320754716
6,0.7547169811320754
7,0.7924528301886792
8,0.830188679245283
11,0.8490566037735848
12,0.8867924528301886
13,0.9056603773584905
15,0.9433962264150942
16,0.9622641509433961
17,0.981132075471698
21,0.9999999999999999
