degree,value
0,1.0
1,0.5067567567567568
2,0.4189189189189189
3,0.25
4,0.19594594594594594
5,0.11486486486486487
6,0.05405405405405406
7,0.02702702702702703
17,0.02027027027027027
26,0.013513513513513514
41,0.006756756756756757
