degree,value
0,0.49324324324324326
1,0.08783783783783784
2,0.16891891891891891
3,0.05405405405405406
4,0.08108108108108109
5,0.060810810810810814
6,0.02702702702702703
7,0.006756756756756757
17,0.006756756756756757
26,0.006756756756756757
41,0.006756756756756757
