degree,value
1,1.0
2,0.9622641509433962
3,0.8113207547169812
4,0.5471698113207547
5,0.37735849056603776
6,0.2830188679245283
7,0.2452830188679245
8,0.20754716981132074
11,0.16981132075471697
12,0.1509433962264151
13,0.11320754716981132
15,0.09433962264150944
16,0.05660377358490566
17,0.03773584905660377
21,0.018867924528301886
