degree,value
0,0.49324324324324326
1,0.5810810810810811
2,0.75
3,0.8040540540540541
4,0.8851351351351351
5,0.9459459459459459
6,0.972972972972973
7,0.9797297297297298
17,0.9864864864864866
26,0.9932432432432434
41,1.0000000000000002
