degree,value
1,0.03773584905660377
2,0.1509433962264151
3,0.2641509433962264
4,0.16981132075471697
5,0.09433962264150944
6,0.03773584905660377
7,0.03773584905660377
8,0.03773584905660377
11,0.018867924528301886
12,0.03773584905660377
13,0.018867924528301886
15,0.03773584905660377
16,0.018867924528301886
17,0.018867924528301886
21,0.018867924528301886
