degree,value
1,0.014492753623188406
2,0.11594202898550725
3,0.2028985507246377
4,0.17391304347826086
5,0.15942028985507245
6,0.043478260869565216
7,0.043478260869565216
8,0.043478260869565216
10,0.028985507246376812
12,0.057971014492753624
13,0.014492753623188406
15,0.014492753623188406
16,0.014492753623188406
18,0.014492753623188406
19,0.014492753623188406
20,0.014492753623188406
22,0.014492753623188406
23,0.014492753623188406
