degree,value
0,1.0
1,0.5257142857142858
2,0.43428571428571433
3,0.3085714285714286
4,0.25142857142857145
5,0.14285714285714285
6,0.06857142857142857
8,0.05142857142857143
9,0.04
12,0.02857142857142857
15,0.022857142857142857
21,0.017142857142857144
47,0.011428571428571429
61,0.005714285714285714
