degree,value
0,0.4742857142857143
1,0.09142857142857143
2,0.12571428571428572
3,0.05714285714285714
4,0.10857142857142857
5,0.07428571428571429
6,0.017142857142857144
8,0.011428571428571429
9,0.011428571428571429
12,0.005714285714285714
15,0.005714285714285714
21,0.005714285714285714
47,0.005714285714285714
61,0.005714285714285714
