degree,value
0,0.4742857142857143
1,0.5657142857142857
2,0.6914285714285715
3,0.7485714285714287
4,0.8571428571428572
5,0.9314285714285715
6,0.9485714285714286
8,0.9600000000000001
9,0.9714285714285715
12,0.9771428571428572
15,0.9828571428571429
21,0.9885714285714285
47,0.9942857142857142
61,0.9999999999999999
