degree,value
1,0.9999999999999998
2,0.9855072463768114
3,0.8695652173913042
4,0.6666666666666665
5,0.4927536231884057
6,0.33333333333333326
7,0.28985507246376807
8,0.24637681159420288
10,0.20289855072463767
12,0.17391304347826086
13,0.11594202898550723
15,0.10144927536231883
16,0.08695652173913043
18,0.07246376811594203
19,0.057971014492753624
20,0.043478260869565216
22,0.028985507246376812
23,0.014492753623188406
