degree,value
1,0.014492753623188406
2,0.13043478260869565
3,0.33333333333333337
4,0.5072463768115942
5,0.6666666666666667
6,0.7101449275362319
7,0.7536231884057971
8,0.7971014492753623
10,0.8260869565217391
12,0.8840579710144928
13,0.8985507246376812
15,0.9130434782608695
16,0.9275362318840579
18,0.9420289855072462
19,0.9565217391304346
20,0.971014492753623
22,0.9855072463768113
23,0.9999999999999997
