degree,value
1,0.011627906976744186
2,0.10465116279069767
3,0.3023255813953488
4,0.43023255813953487
5,0.6046511627906976
6,0.6395348837209301
7,0.6860465116279069
8,0.7325581395348836
9,0.7674418604651161
10,0.7906976744186045
12,0.8139534883720929
13,0.8604651162790696
15,0.8720930232558138
16,0.883720930232558
17,0.8953488372093023
18,0.9069767441860465
19,0.9186046511627907
20,0.9302325581395349
23,0.9418604651162791
24,0.9534883720930233
25,0.9767441860465117
26,1.0
