degree,value
0,1.0
1,0.4221311475409836
2,0.3483606557377049
3,0.27049180327868855
4,0.23360655737704922
5,0.20081967213114757
6,0.1475409836065574
7,0.11475409836065575
8,0.09016393442622953
9,0.08606557377049182
10,0.05737704918032788
13,0.02868852459016394
14,0.024590163934426233
17,0.020491803278688527
18,0.01639344262295082
32,0.012295081967213115
59,0.00819672131147541
78,0.004098360655737705
