degree,value
0,0.5778688524590164
1,0.6516393442622951
2,0.7295081967213115
3,0.7663934426229508
4,0.7991803278688525
5,0.8524590163934427
6,0.8852459016393444
7,0.9098360655737706
8,0.9139344262295083
9,0.9426229508196722
10,0.9713114754098361
13,0.9754098360655737
14,0.9795081967213114
17,0.983606557377049
18,0.9877049180327867
32,0.9918032786885244
59,0.995901639344262
78,0.9999999999999997
