degree,value
1,1.0
2,0.9883720930232558
3,0.8953488372093024
4,0.6976744186046512
5,0.5697674418604651
6,0.3953488372093023
7,0.36046511627906974
8,0.313953488372093
9,0.26744186046511625
10,0.2325581395348837
12,0.20930232558139533
13,0.18604651162790695
15,0.1395348837209302
16,0.12790697674418602
17,0.11627906976744184
18,0.10465116279069767
19,0.09302325581395349
20,0.08139534883720931
23,0.06976744186046512
24,0.05813953488372093
25,0.046511627906976744
26,0.023255813953488372
