degree,value
0,0.5778688524590164
1,0.07377049180327869
2,0.0778688524590164
3,0.036885245901639344
4,0.03278688524590164
5,0.05327868852459016
6,0.03278688524590164
7,0.02459016393442623
8,0.004098360655737705
9,0.028688524590163935
10,0.028688524590163935
13,0.004098360655737705
14,0.004098360655737705
17,0.004098360655737705
18,0.004098360655737705
32,0.004098360655737705
59,0.004098360655737705
78,0.004098360655737705
