degree,value
1,0.04938271604938271
2,0.09876543209876543
3,0.1728395061728395
4,0.1111111111111111
5,0.09876543209876543
7,0.04938271604938271
8,0.06172839506172839
9,0.06172839506172839
10,0.012345679012345678
11,0.037037037037037035
12,0.012345679012345678
13,0.09876543209876543
17,0.012345679012345678
18,0.012345679012345678
21,0.012345679012345678
23,0.012345679012345678
24,0.012345679012345678
25,0.024691358024691357
26,0.012345679012345678
27,0.012345679012345678
28,0.024691358024691357
