degree,value
1,0.04938271604938271
2,0.14814814814814814
3,0.32098765432098764
4,0.43209876543209874
5,0.5308641975308641
7,0.5802469135802468
8,0.6419753086419753
9,0.7037037037037037
10,0.7160493827160495
11,0.7530864197530864
12,0.7654320987654322
13,0.8641975308641976
17,0.8765432098765433
18,0.8888888888888891
21,0.9012345679012348
23,0.9135802469135805
24,0.9259259259259263
25,0.9506172839506176
26,0.9629629629629632
27,0.975308641975309
28,1.0000000000000004
