degree,value
1,0.9999999999999999
2,0.9506172839506172
3,0.8518518518518517
4,0.6790123456790123
5,0.5679012345679012
7,0.4691358024691358
8,0.41975308641975306
9,0.35802469135802467
10,0.2962962962962963
11,0.2839506172839506
12,0.24691358024691357
13,0.2345679012345679
17,0.13580246913580246
18,0.12345679012345678
21,0.1111111111111111
23,0.09876543209876543
24,0.08641975308641975
25,0.07407407407407407
26,0.04938271604938271
27,0.037037037037037035
28,0.024691358024691357
