degree,value
0,0.6375838926174496
1,0.6845637583892618
2,0.7684563758389262
3,0.7953020134228188
4,0.825503355704698
5,0.8724832214765101
6,0.8959731543624162
7,0.9127516778523491
8,0.9228187919463089
9,0.9429530201342283
10,0.9697986577181209
11,0.9731543624161075
13,0.9765100671140942
14,0.9798657718120808
16,0.9832214765100674
17,0.9899328859060406
32,0.9932885906040272
52,0.9966442953020138
71,1.0000000000000004
