degree,value
0,1.0
1,0.36241610738255037
2,0.3154362416107383
3,0.23154362416107385
4,0.20469798657718125
5,0.17449664429530204
6,0.12751677852348994
7,0.1040268456375839
8,0.087248322147651
9,0.07718120805369127
10,0.057046979865771806
11,0.03020134228187919
13,0.026845637583892613
14,0.023489932885906038
16,0.020134228187919462
17,0.016778523489932886
32,0.010067114093959731
52,0.006711409395973154
71,0.003355704697986577
