degree,value
0,0.6375838926174496
1,0.04697986577181208
2,0.08389261744966443
3,0.026845637583892617
4,0.030201342281879196
5,0.04697986577181208
6,0.02348993288590604
7,0.016778523489932886
8,0.010067114093959731
9,0.020134228187919462
10,0.026845637583892617
11,0.003355704697986577
13,0.003355704697986577
14,0.003355704697986577
16,0.003355704697986577
17,0.006711409395973154
32,0.003355704697986577
52,0.003355704697986577
71,0.003355704697986577
