degree,value
0,0.4507042253521127
1,0.5915492957746479
2,0.7464788732394366
3,0.8309859154929577
4,0.8873239436619719
5,0.9577464788732395
6,0.9788732394366197
16,0.9859154929577465
25,0.9929577464788732
39,1.0
