degree,value
0,0.4507042253521127
1,0.14084507042253522
2,0.15492957746478872
3,0.08450704225352113
4,0.056338028169014086
5,0.07042253521126761
6,0.02112676056338028
16,0.007042253521126761
25,0.007042253521126761
39,0.007042253521126761
