degree,value
0,1.0
1,0.5492957746478874
2,0.4084507042253521
3,0.2535211267605634
4,0.16901408450704225
5,0.11267605633802817
6,0.04225352112676056
16,0.02112676056338028
25,0.014084507042253521
39,0.007042253521126761
