degree,value
1,0.0392156862745098
2,0.1568627450980392
3,0.27450980392156865
4,0.1568627450980392
5,0.0784313725490196
6,0.0392156862745098
7,0.0392156862745098
8,0.058823529411764705
11,0.0196078431372549
12,0.0392156862745098
13,0.0196078431372549
15,0.0196078431372549
16,0.0196078431372549
17,0.0196078431372549
22,0.0196078431372549
