degree,value
1,0.0392156862745098
2,0.19607843137254902
3,0.47058823529411764
4,0.6274509803921569
5,0.7058823529411764
6,0.7450980392156862
7,0.784313725490196
8,0.8431372549019607
11,0.8627450980392156
12,0.9019607843137254
13,0.9215686274509803
15,0.9411764705882353
16,0.9607843137254902
17,0.9803921568627452
22,1.0
