degree,value
1,0.9999999999999999
2,0.9607843137254901
3,0.8039215686274509
4,0.5294117647058822
5,0.3725490196078431
6,0.2941176470588235
7,0.2549019607843137
8,0.21568627450980393
11,0.1568627450980392
12,0.13725490196078433
13,0.09803921568627451
15,0.0784313725490196
16,0.058823529411764705
17,0.0392156862745098
22,0.0196078431372549
