fileName,NOP,TMP,TCM,GAP,ARP,FPP,TCM-QS,MTK,MTK-QS,FPDT-TCP
TTL_1_2,0.99954253,0.22760373,0.497373859999999,0.44836116,0.437755495,0.003224798,0.082295702,0.0751196475,0.0504677984999999,0.046328295
TTL_1_3,0.9995427,0.89918005,0.9089077,0.5308859,0.53884274,0.003224798,0.295648665,0.01118699,0.0436667649999999,0.008026366
TTL_1_4,0.99954253,0.34728261,0.621627715,0.5922628,0.5315908,0.003224798,0.11391459,0.908536,0.2741625,0.066153455
TTL_2_3,0.9994535,0.094531484,0.094882764,0.6123805,0.620153485,0.106168695,0.07633506,0.296970845,0.0376415235,0.063646925
TTL_2_4,0.9994168,0.34499708,0.34103096,0.56517196,0.54382414,0.9026822,0.527483965,0.8539916,0.003908457,0.003733462
TTL_3_4,0.9995702,0.35090044,0.34470797,0.56343204,0.5070855,0.34028077,0.103063149999999,0.886947175,0.0638729025,0.06729151
