paired methods,Wilcoxon p,Cliff's delta,effect size (delta),Wilcoxon r, effect size (r) 
FPDT-TCP vs. NOP,1.1102230246251565E-13,1.0,large,-0.8689660757568887,large
FPDT-TCP vs. TMP,2.4713564528155985E-13,0.9166666666666666,large,-0.8623931229802658,large
FPDT-TCP vs. TCM,1.4233059175694507E-13,0.9452054794520548,large,-0.8651054341763323,large
FPDT-TCP vs. GAP,1.1102230246251565E-13,1.0,large,-0.8689660757568887,large
FPDT-TCP vs. ARP,1.1102230246251565E-13,1.0,large,-0.8689660757568887,large
FPDT-TCP vs. FPP,2.369889366971023E-7,0.5068493150684932,large,-0.6045121274887796,large
FPDT-TCP vs. TCM-QS,2.1471713296250527E-13,0.9178082191780822,large,-0.8586710315420717,large
FPDT-TCP vs. MTK,3.7991831902672857E-13,0.9714285714285714,large,-0.8676920508019308,large
FPDT-TCP vs. MTK-QS,2.1582291509503193E-11,0.8571428571428571,large,-0.7998434986634485,large
