fileName,FPDT-TCP-C2FP,FPDT-TCP-ITF,FPDT-TCP-QS,FPDT-TCP
APFD_1_2,0.98107437,0.99595445,0.99685075,0.99731106
APFD_1_3,0.96171347,0.9993405,0.99929816,0.99929816
APFD_1_4,0.97899708,0.993241285,0.99375002,0.99503389
APFD_2_3,0.98769265,0.995544285,0.99655585,0.9969412
APFD_2_4,0.9849025,0.9991084,0.9992867,0.9992867
APFD_3_4,0.98665702,0.993762015,0.994605,0.9958333
