fileName,FPDT-TCP-C2FP,FPDT-TCP-ITF,FPDT-TCP-QS,FPDT-TCP
APFD_1_2,0.9919725,0.9954128,0.9965596,0.9965596
APFD_1_3,0.99757284,0.99453884,0.9963592,0.9963592
APFD_1_4,0.99696606,0.99453884,0.9951457,0.9951457
APFD_2_3,0.9984958,0.9984958,0.99909747,0.99909747
APFD_2_4,0.99684113,0.9986462,0.9986462,0.9986462
APFD_3_4,0.9951054,0.9966114,0.99811745,0.99811745
