software,FPDT-TCP-C2FP,FPDT-TCP-ITF,FPDT-TCP-QS,FPDT-TCP
fileName,1.5136986301369877,2.9041095890410973,2.3082191780821923,3.2739726027397276
