paired methods,Wilcoxon p,Cliff's delta,effect size (delta),Wilcoxon r, effect size (r) 
FPDT-TCP vs. NOP,1.1102230246251565E-13,-1.0,large,-0.8689660757568887,large
FPDT-TCP vs. TMP,1.1786127629420662E-12,-0.8873239436619719,large,-0.8432079457545518,large
FPDT-TCP vs. TCM,3.7481129311345285E-13,-0.9444444444444444,large,-0.8557796787856319,large
FPDT-TCP vs. GAP,1.1102230246251565E-13,-1.0,large,-0.8689660757568887,large
FPDT-TCP vs. ARP,1.1102230246251565E-13,-1.0,large,-0.8689660757568887,large
FPDT-TCP vs. FPP,4.856115509710435E-13,-0.9726027397260274,large,-0.8458022262735506,large
FPDT-TCP vs. TCM-QS,2.3314683517128287E-13,-0.9452054794520548,large,-0.8573841510152196,large
FPDT-TCP vs. MTK,1.0187406473960436E-12,-0.9428571428571428,large,-0.8516042497794041,large
FPDT-TCP vs. MTK-QS,2.5960589233875453E-10,-0.8529411764705882,large,-0.7661828346835543,large
