fileName,FPDT-TCP-C2FP,FPDT-TCP-ITF,FPDT-TCP-QS,FPDT-TCP
TTL_1_2,0.08441606,0.047555704,0.048762262,0.046328295
TTL_1_3,0.39096418,0.04420751,0.008026366,0.008026366
TTL_1_4,0.08441606,0.068441816,0.070168458,0.066153455
TTL_2_3,0.08328641,0.065560244,0.06657547,0.063646925
TTL_2_4,0.07805276,0.004083474,0.003733462,0.003733462
TTL_3_4,0.0819085,0.06890395,0.072300767,0.06729151
