fileName,FPDT-TCP-C2FP,FPDT-TCP-ITF,FPDT-TCP-QS,FPDT-TCP
TTL_1_2,0.027726484,0.016635885,0.014787452,0.014787454
TTL_1_3,0.00638299,0.03617027,0.031914942,0.031914942
TTL_1_4,0.00638299,0.040425595,0.038297925,0.034042604
TTL_2_3,0.10492544,0.005353334,0.002141334,0.002141334
TTL_2_4,0.10920811,0.005353337,0.005353336,0.005353337
TTL_3_4,0.112244986,0.08758515,0.008503413,0.008503415
